STAR_OUT,TEAM_CITY,TEAM_NAME,BENEFICIARY,SCORE,DELTA_PTS,DELTA_AST,DELTA_REB,DELTA_MIN,N_WITHOUT,LOW_SAMPLE,RANK
Andrew Wiggins,Miami,Heat,Terry Rozier,24.23124384236453,8.541871921182267,1.958128078817734,2.4837438423645324,11.247499999999999,58,False,1
Andrew Wiggins,Miami,Heat,Jaime Jaquez Jr.,15.401641255312196,4.041604010025063,1.1684210526315788,1.9734335839598995,8.218182608695654,57,False,2
Andrew Wiggins,Miami,Heat,Nikola Jovic,9.713702553485152,5.110822510822511,1.6562770562770561,1.4424242424242422,1.5041787439613437,55,False,3
Andrew Wiggins,Miami,Heat,Isaiah Stevens,8.20904761904762,0.42857142857142855,0.8571428571428571,0.5,6.423333333333334,14,False,4
Andrew Wiggins,Miami,Heat,Dru Smith,6.758620689655173,3.8620689655172415,1.3103448275862069,1.5862068965517242,,29,False,5
Anthony Davis,Los Angeles,Lakers,Jordan Goodwin,18.834005681818184,4.515151515151516,1.0424242424242425,2.624242424242424,10.6521875,33,False,1
Anthony Davis,Dallas,Mavericks,Dereck Lively II,17.676537324464157,5.496674057649667,1.5166297117516632,4.29490022172949,6.368333333333336,41,False,2
Anthony Davis,Dallas,Mavericks,Olivier-Maxence Prosper,17.44333860342556,3.4927536231884058,0.6666666666666666,1.572463768115942,11.711454545454547,69,False,3
Anthony Davis,Dallas,Mavericks,Kyrie Irving,15.009019607843147,16.59259259259259,1.2222222222222223,3.518518518518518,-6.324313725490185,54,False,4
Anthony Davis,Dallas,Mavericks,Max Christie,12.084981684981688,1.1501831501831514,1.6153846153846154,1.9157509157509156,7.403663003663006,21,False,5
Austin Reaves,Los Angeles,Lakers,Dalton Knecht,16.29902402402402,3.7847222222222214,0.4472222222222223,2.415277777777778,9.651801801801799,9,False,1
Austin Reaves,Los Angeles,Lakers,Bronny James,15.323571428571432,1.7857142857142858,1.1428571428571428,0.5,11.895000000000003,8,False,2
Austin Reaves,Los Angeles,Lakers,Gabe Vincent,10.372638888888892,1.0427350427350426,1.0085470085470085,0.3931623931623931,7.928194444444447,9,False,3
Austin Reaves,Los Angeles,Lakers,Rui Hachimura,7.798282137698605,2.2955223880597018,0.5910447761194031,0.973134328358209,3.9385806451612915,5,False,4
Austin Reaves,Los Angeles,Lakers,Christian Koloko,6.851015328300158,0.42553191489361697,-0.13120567375886524,2.0319148936170213,4.524774193548385,6,False,5
Bilal Coulibaly,Washington,Wizards,Jaylen Martin,22.3917012987013,4.649350649350649,1.4545454545454546,2.1948051948051948,14.093000000000002,11,False,1
Bilal Coulibaly,Washington,Wizards,AJ Johnson,21.85119047619047,7.283333333333333,1.2,2.05,11.31785714285714,15,False,2
Bilal Coulibaly,Washington,Wizards,Justin Champagnie,14.46828098615332,1.7365754812563319,0.37689969604863216,3.066869300911854,9.287936507936504,21,False,3
Bilal Coulibaly,Washington,Wizards,Tristan Vukcevic,8.87483498854087,2.71301247771836,0.035650623885918,0.903743315508021,5.222428571428571,17,False,4
Bilal Coulibaly,Washington,Wizards,Anthony Gill,8.81201467385074,1.4269746646795827,0.10879284649776452,0.9590163934426229,6.317230769230769,22,False,5
Bradley Beal,Phoenix,Suns,Jusuf Nurkic,13.660050505050503,4.988636363636363,0.1287878787878789,4.651515151515151,3.8911111111111083,8,False,1
Bradley Beal,Phoenix,Suns,Josh Okogie,13.614915514592935,4.92741935483871,0.3629032258064516,2.1693548387096775,6.155238095238095,8,False,2
Bradley Beal,Phoenix,Suns,Tyus Jones,9.973587632875295,2.4211822660098523,2.3559113300492607,1.141625615763547,4.054868421052635,28,False,3
Bradley Beal,Phoenix,Suns,Collin Gillespie,8.829516294484336,1.602540834845735,1.0272232304900182,0.22323049001814899,5.976521739130433,19,False,4
Bradley Beal,Phoenix,Suns,TyTy Washington Jr.,8.657575757575756,1.0928571428571427,0.6785714285714286,0.6285714285714286,6.257575757575757,14,False,5
Brandon Ingram,New Orleans,Pelicans,Keion Brooks Jr.,28.22307692307692,7.166666666666667,0.6666666666666666,2.6666666666666665,17.72307692307692,18,False,1
Brandon Ingram,New Orleans,Pelicans,Karlo Matkovic,26.393607932875668,6.615942028985507,0.9782608695652174,3.8478260869565215,14.95157894736842,46,False,2
Brandon Ingram,New Orleans,Pelicans,Trey Murphy III,18.215488770685578,9.792553191489361,2.0124113475177303,2.5638297872340425,3.846694444444445,47,False,3
Brandon Ingram,New Orleans,Pelicans,Elfrid Payton,16.183,2.1875,4.4375,1.0625,8.4955,16,False,4
Brandon Ingram,New Orleans,Pelicans,Antonio Reeves,12.74357966457023,2.979035639412998,0.4381551362683438,0.38888888888888884,8.9375,53,False,5
Brandon Miller,Charlotte,Hornets,Nick Smith Jr.,24.83635516233111,7.250574712643678,1.8268199233716478,1.2000000000000002,14.558960526315785,45,False,1
Brandon Miller,Charlotte,Hornets,KJ Simpson,22.491008333333333,5.253333333333334,2.013333333333333,1.906666666666667,13.317675000000001,30,False,2
Brandon Miller,Charlotte,Hornets,Mark Williams,20.699649818871833,7.717267552182163,0.7666034155597725,5.08349146110057,7.1322873900293295,31,False,3
Brandon Miller,Charlotte,Hornets,Seth Curry,15.361611245896958,4.1498724489795915,0.8303571428571428,1.0146683673469388,9.366713286713285,49,False,4
Brandon Miller,Charlotte,Hornets,Damion Baugh,14.333333333333334,7.266666666666667,3.7333333333333334,3.3333333333333335,,15,False,5
CJ McCollum,New Orleans,Pelicans,Keion Brooks Jr.,30.520000000000003,11.142857142857142,0.6428571428571428,3.8571428571428568,14.87714285714286,7,False,1
CJ McCollum,New Orleans,Pelicans,Brandon Boston Jr.,26.095488060326772,6.316883116883117,3.464935064935065,2.6233766233766236,13.69029325513197,11,False,2
CJ McCollum,New Orleans,Pelicans,Lester Quinones,18.93333333333333,6.19047619047619,2.857142857142857,2.0,7.885714285714284,7,False,3
CJ McCollum,New Orleans,Pelicans,Jeremiah Robinson-Earl,18.067636111111113,5.317708333333334,0.42013888888888884,3.7152777777777777,8.614511111111113,18,False,4
CJ McCollum,New Orleans,Pelicans,Brandon Ingram,17.60977272727272,8.181818181818182,3.4545454545454546,1.545454545454545,4.42795454545454,11,False,5
Cade Cunningham,Detroit,Pistons,Tim Hardaway Jr.,12.60641975308642,7.666666666666666,-0.03571428571428559,0.27380952380952417,4.7016578483245155,7,False,1
Cade Cunningham,Detroit,Pistons,Marcus Sasser,11.014137596899225,4.830564784053156,0.7392026578073088,1.1710963455149503,4.273273809523809,7,False,2
Cade Cunningham,Detroit,Pistons,Malik Beasley,7.240963455149508,1.631229235880399,1.0016611295681066,-0.30730897009966807,4.91538205980067,7,False,3
Cade Cunningham,Detroit,Pistons,Ausar Thompson,6.533025289211726,0.2698412698412689,0.6349206349206351,0.412698412698413,5.215564971751409,7,False,4
Cade Cunningham,Detroit,Pistons,Paul Reed,4.7801089700996675,1.3853820598006648,-0.33056478405315615,1.2524916943521596,2.4727999999999994,7,False,5
Cam Thomas,Brooklyn,Nets,Shake Milton,21.563597513597514,6.79020979020979,1.6993006993006992,1.8146853146853146,11.259401709401711,13,False,1
Cam Thomas,Brooklyn,Nets,Noah Clowney,11.539317311041447,2.9607279693486586,-0.10919540229885061,0.8850574712643682,7.802727272727271,29,False,2
Cam Thomas,Brooklyn,Nets,Tyrese Martin,11.51495201515311,3.580202742993441,0.5903398926654742,1.785330948121646,5.559078431372548,39,False,3
Cam Thomas,Brooklyn,Nets,Keon Johnson,9.567521367521366,3.7264957264957275,0.8376068376068377,0.14700854700854693,4.856410256410253,39,False,4
Cam Thomas,Brooklyn,Nets,Tyson Etienne,8.444444444444443,6.111111111111111,1.3333333333333333,1.0,,9,False,5
Cameron Johnson,Brooklyn,Nets,Tyson Etienne,20.451428571428572,4.0476190476190474,1.2380952380952381,1.2857142857142858,13.88,7,False,1
Cameron Johnson,Brooklyn,Nets,Dariq Whitehead,17.583802308802305,4.895622895622896,0.835016835016835,1.117845117845118,10.735317460317457,11,False,2
Cameron Johnson,Brooklyn,Nets,Maxwell Lewis,15.54355769230769,3.2500000000000004,0.8,1.5499999999999998,9.943557692307689,10,False,3
Cameron Johnson,Brooklyn,Nets,Reece Beekman,13.917876728110596,1.9377880184331797,1.3179723502304146,0.5368663594470046,10.125249999999998,14,False,4
Cameron Johnson,Brooklyn,Nets,Keon Johnson,12.416290106951873,3.9705882352941178,2.264705882352941,0.7683823529411766,5.412613636363638,16,False,5
Coby White,Chicago,Bulls,Talen Horton-Tucker,8.550097402597405,4.189935064935065,0.7110389610389611,0.6623376623376624,2.986785714285716,8,False,1
Coby White,Chicago,Bulls,Dalen Terry,8.002451690821257,2.2638888888888893,0.41666666666666674,0.6805555555555556,4.641340579710144,8,False,2
Coby White,Chicago,Bulls,Julian Phillips,7.029037935748463,2.1525974025974026,0.5714285714285714,0.7840909090909092,3.5209210526315804,8,False,3
Coby White,Chicago,Bulls,Jalen Smith,5.705784222514518,2.0489236790606657,-0.0606653620352251,1.471624266144815,2.245901639344263,7,False,4
Coby White,Chicago,Bulls,Patrick Williams,4.462314388120843,0.04761904761904745,1.2222222222222223,0.5000000000000004,2.6924731182795725,6,False,5
Damian Lillard,Milwaukee,Bucks,Ryan Rollins,25.975689086847552,6.908466819221968,2.0373760488176966,1.7925247902364605,15.237321428571429,23,False,1
Damian Lillard,Milwaukee,Bucks,Delon Wright,18.208229813664595,1.7228260869565217,3.5434782608695654,2.1847826086956523,10.757142857142856,8,False,2
Damian Lillard,Milwaukee,Bucks,Kevin Porter Jr.,15.941063596491226,3.9868421052631575,1.7598684210526314,1.7828947368421053,8.411458333333332,16,False,3
Damian Lillard,Milwaukee,Bucks,Pete Nance,15.854999999999999,2.625,0.625,0.75,11.854999999999999,8,False,4
Damian Lillard,Milwaukee,Bucks,Jamaree Bouyea,11.552222222222223,0.6666666666666667,0.5,0.5555555555555556,9.83,9,False,5
Darius Garland,Cleveland,Cavaliers,Tristan Thompson,21.122857142857143,1.6222222222222222,-0.07777777777777778,5.188888888888888,14.389523809523812,5,False,1
Darius Garland,Cleveland,Cavaliers,Craig Porter Jr.,17.87251446654611,5.483544303797468,1.6379746835443039,1.1139240506329116,9.637071428571428,5,False,2
Darius Garland,Cleveland,Cavaliers,Jaylon Tyson,17.40259971509972,4.728395061728396,0.37037037037037035,0.6419753086419753,11.661858974358976,5,False,3
Darius Garland,Cleveland,Cavaliers,Javonte Green,10.07904761904762,1.0333333333333334,0.5,0.2333333333333334,8.312380952380952,5,False,4
Darius Garland,Cleveland,Cavaliers,Isaac Okoro,4.4388095238095255,0.7015873015873018,-0.3587301587301588,-0.1428571428571428,4.238809523809525,5,False,5
Davion Mitchell,Miami,Heat,Terry Rozier,21.17135746943115,8.111483253588517,1.8043062200956939,2.5086124401913876,8.746955555555552,55,False,1
Davion Mitchell,Miami,Heat,Jaime Jaquez Jr.,15.709345045045046,3.91990171990172,1.1837837837837837,1.8746928746928746,8.730966666666667,55,False,2
Davion Mitchell,Miami,Heat,Isaiah Stevens,12.216742424242424,0.5454545454545454,1.0909090909090908,0.32121212121212117,10.259166666666667,11,False,3
Davion Mitchell,Miami,Heat,Nikola Jovic,9.713702553485152,5.110822510822511,1.6562770562770561,1.4424242424242422,1.5041787439613437,55,False,4
Davion Mitchell,Miami,Heat,Dru Smith,6.758620689655173,3.8620689655172415,1.3103448275862069,1.5862068965517242,,29,False,5
De'Aaron Fox,San Antonio,Spurs,Malaki Branham,13.557103174603174,3.8571428571428577,0.6825396825396826,0.4444444444444445,8.57297619047619,63,False,1
De'Aaron Fox,San Antonio,Spurs,Julian Champagnie,13.322719734660033,4.329187396351577,-0.1650082918739635,1.7131011608623554,7.445439469320064,67,False,2
De'Aaron Fox,Sacramento,Kings,Keon Ellis,11.333728070175443,2.5326315789473686,0.628421052631579,0.8463157894736839,7.326359649122811,38,False,3
De'Aaron Fox,San Antonio,Spurs,Blake Wesley,10.61536445224856,1.9485903814262024,1.2504145936981759,0.7222222222222222,6.694137254901959,67,False,4
De'Aaron Fox,San Antonio,Spurs,Jordan McLaughlin,10.407083333333333,1.1666666666666665,0.7,0.6,7.940416666666666,15,False,5
DeMar DeRozan,Sacramento,Kings,De'Aaron Fox,18.996828282828282,14.733333333333334,1.6000000000000005,-0.17777777777777803,2.841272727272724,5,False,1
DeMar DeRozan,Sacramento,Kings,Jordan McLaughlin,13.503394648829435,3.0260869565217394,1.656521739130435,1.3434782608695652,7.477307692307694,5,False,2
DeMar DeRozan,Sacramento,Kings,Isaac Jones,9.995934065934067,2.123076923076923,-0.09230769230769231,1.2923076923076926,6.6728571428571435,5,False,3
DeMar DeRozan,Sacramento,Kings,Doug McDermott,8.945078255078254,3.233766233766234,0.33506493506493507,0.9272727272727272,4.448974358974358,5,False,4
DeMar DeRozan,Sacramento,Kings,Kevin Huerter,6.461689223057649,-0.2142857142857144,0.9238095238095236,1.1714285714285717,4.580736842105267,5,False,5
Dejounte Murray,New Orleans,Pelicans,Keion Brooks Jr.,28.84072398190045,7.588235294117647,0.7058823529411765,2.823529411764706,17.72307692307692,17,False,1
Dejounte Murray,New Orleans,Pelicans,Brandon Ingram,24.085785714285713,10.057142857142857,4.095238095238096,3.0952380952380953,6.838166666666666,15,False,2
Dejounte Murray,New Orleans,Pelicans,Karlo Matkovic,22.24595305279516,6.48582995951417,0.8407557354925776,3.403508771929825,11.515858585858584,39,False,3
Dejounte Murray,New Orleans,Pelicans,Bruce Brown,18.066520146520148,4.576923076923077,1.8076923076923077,2.5,9.181904761904764,26,False,4
Dejounte Murray,New Orleans,Pelicans,Jose Alvarado,14.483838433292533,3.9321705426356592,1.7529069767441863,1.0765503875968994,7.722210526315788,43,False,5
Dennis Schroder,Brooklyn,Nets,Shake Milton,21.02285714285714,7.464285714285714,1.6785714285714284,1.3571428571428572,10.52285714285714,7,False,1
Dennis Schroder,Brooklyn,Nets,Keon Johnson,20.817133723196875,7.1345029239766085,1.5009746588693955,1.5087719298245612,10.672884210526309,57,False,2
Dennis Schroder,Brooklyn,Nets,Tyrese Martin,19.792481684981688,5.398351648351648,1.5178571428571428,2.6277472527472527,10.248525641025642,56,False,3
Dennis Schroder,Brooklyn,Nets,Trendon Watford,9.485584647910231,1.7495527728085873,1.2719141323792489,0.41502683363148485,6.049090909090911,43,False,4
Dennis Schroder,Brooklyn,Nets,Dariq Whitehead,8.490224089635852,2.2857142857142856,0.38690476190476186,0.6547619047619047,5.1628431372549,24,False,5
Desmond Bane,Memphis,Grizzlies,Scotty Pippen Jr.,9.369512154512151,3.33173076923077,0.9874999999999998,0.8999999999999999,4.150281385281382,13,False,1
Desmond Bane,Memphis,Grizzlies,Jay Huff,8.82352854949044,4.362348178137651,0.3218623481781377,0.9089068825910933,3.2304111405835574,13,False,2
Desmond Bane,Memphis,Grizzlies,Jake LaRavia,7.795986696230597,2.1818181818181817,1.25,-0.1136363636363642,4.477804878048779,11,False,3
Desmond Bane,Memphis,Grizzlies,Jaren Jackson Jr.,7.388099570639952,7.506849315068493,0.01255707762557079,1.0159817351598175,-1.1472885572139297,12,False,4
Desmond Bane,Memphis,Grizzlies,John Konchar,6.529265350877192,-0.21491228070175428,0.8508771929824562,1.9035087719298245,3.9897916666666653,12,False,5
Devin Booker,Phoenix,Suns,Bradley Beal,10.044877913429522,6.471698113207546,-0.6949685534591192,-0.4119496855345912,4.680098039215686,6,False,1
Devin Booker,Phoenix,Suns,Monte Morris,9.630379893109925,2.4456521739130435,1.1630434782608696,0.7934782608695652,5.228205980066447,8,False,2
Devin Booker,Phoenix,Suns,Josh Okogie,6.01443478260869,0.0,0.04545454545454547,0.9545454545454546,5.01443478260869,6,False,3
Devin Booker,Phoenix,Suns,Kevin Durant,4.265343018563359,5.621428571428574,-0.15000000000000036,-1.10952380952381,-0.09656174334140388,7,False,4
Devin Booker,Phoenix,Suns,Mason Plumlee,3.759086336199011,0.06818181818181834,1.7305194805194806,0.5146103896103895,1.4457746478873226,8,False,5
Devin Vassell,San Antonio,Spurs,Malaki Branham,16.706460040983607,5.768852459016394,0.7557377049180329,1.1565573770491804,9.025312499999998,20,False,1
Devin Vassell,San Antonio,Spurs,Julian Champagnie,13.706730769230772,5.069230769230769,0.38076923076923075,1.103846153846154,7.152884615384618,20,False,2
Devin Vassell,San Antonio,Spurs,Zach Collins,11.671099228611501,4.731854838709678,0.27419354838709675,1.8528225806451613,4.812228260869565,16,False,3
Devin Vassell,San Antonio,Spurs,Blake Wesley,7.108603657324589,2.2923076923076926,1.0576923076923077,0.7884615384615384,2.97014211886305,20,False,4
Devin Vassell,San Antonio,Spurs,Jeremy Sochan,6.633111597006138,3.767891682785299,0.4932301740812379,0.5048355899419734,1.8671541501976279,11,False,5
Domantas Sabonis,Sacramento,Kings,Jonas Valanciunas,23.86791666666667,4.708333333333333,1.7916666666666667,5.638888888888889,11.72902777777778,9,False,1
Domantas Sabonis,Sacramento,Kings,Jake LaRavia,18.737857142857138,6.25,0.6309523809523809,1.8333333333333335,10.023571428571424,7,False,2
Domantas Sabonis,Sacramento,Kings,Trey Lyles,12.590084838533112,5.261904761904762,1.6587301587301586,1.5357142857142856,4.133735632183907,12,False,3
Domantas Sabonis,Sacramento,Kings,Devin Carter,8.857943977591034,2.5955882352941178,0.4338235294117647,0.7352941176470589,5.093238095238094,8,False,4
Domantas Sabonis,Sacramento,Kings,Keon Ellis,6.727957562825981,2.859649122807018,0.5657894736842106,0.7192982456140351,2.5832207207207176,12,False,5
Donovan Mitchell,Cleveland,Cavaliers,Emoni Bates,24.40855392156863,4.137254901960785,0.4313725490196078,0.9411764705882353,18.89875,6,False,1
Donovan Mitchell,Cleveland,Cavaliers,Craig Porter Jr.,19.735251572327044,6.746666666666666,0.9288888888888889,1.6711111111111112,10.388584905660377,9,False,2
Donovan Mitchell,Cleveland,Cavaliers,Tristan Thompson,16.067464985994402,0.15294117647058825,-0.19411764705882353,1.6941176470588237,14.414523809523814,10,False,3
Donovan Mitchell,Cleveland,Cavaliers,Darius Garland,13.820162195121945,7.923780487804876,2.6951219512195124,0.22560975609756095,2.9756499999999946,8,False,4
Donovan Mitchell,Cleveland,Cavaliers,Ty Jerome,12.580319548872183,6.003759398496241,1.9191729323308273,-0.07142857142857162,4.7288157894736855,7,False,5
Dyson Daniels,Atlanta,Hawks,Garrison Mathews,24.662758807588077,10.231707317073171,1.9780487804878049,1.048780487804878,11.404222222222224,5,False,1
Dyson Daniels,Atlanta,Hawks,Keaton Wallace,21.451937888198756,7.569565217391304,3.408695652173913,2.8173913043478263,7.656285714285712,5,False,2
Dyson Daniels,Atlanta,Hawks,Vit Krejci,7.858469440164353,-0.9696969696969697,0.7878787878787881,0.5575757575757576,7.482711864406777,5,False,3
Dyson Daniels,Atlanta,Hawks,Jalen Johnson,6.668009803921576,2.815686274509803,0.9647058823529413,1.0941176470588232,1.7935000000000088,5,False,4
Dyson Daniels,Atlanta,Hawks,Clint Capela,2.788653198653197,0.290909090909091,-0.32727272727272716,-1.4909090909090912,4.315925925925924,5,False,5
Evan Mobley,Cleveland,Cavaliers,Emoni Bates,25.536944444444444,4.333333333333333,0.06666666666666671,1.1444444444444444,19.9925,5,False,1
Evan Mobley,Cleveland,Cavaliers,Javonte Green,16.755666666666663,3.3666666666666667,1.2,2.1,10.088999999999999,5,False,2
Evan Mobley,Cleveland,Cavaliers,Tristan Thompson,13.35412987012987,0.3603896103896105,0.8214285714285714,4.366883116883117,7.805428571428571,11,False,3
Evan Mobley,Cleveland,Cavaliers,Donovan Mitchell,10.859366208313574,5.561403508771932,1.6827485380116958,1.6915204678362574,1.9236936936936893,9,False,4
Evan Mobley,Cleveland,Cavaliers,Craig Porter Jr.,8.913178571428574,1.427027027027027,-0.18108108108108112,0.05405405405405406,7.613178571428575,10,False,5
Franz Wagner,Orlando,Magic,ga Bitadze,22.919484649122808,6.246527777777779,1.9565972222222223,4.618055555555555,10.098304093567254,18,False,1
Franz Wagner,Orlando,Magic,Trevelin Queen,22.38768429261657,5.526315789473684,1.555023923444976,1.3413078149920254,13.965036764705882,19,False,2
Franz Wagner,Orlando,Magic,Tristan da Silva,20.94218227046585,5.558344640434192,1.1065128900949794,2.3229308005427414,11.954393939393938,22,False,3
Franz Wagner,Orlando,Magic,Caleb Houstan,14.895435567758277,2.8175033921302575,0.700135685210312,0.8595658073270013,10.518230683090705,22,False,4
Franz Wagner,Orlando,Magic,Cole Anthony,14.45913692177843,4.37012987012987,1.6067821067821066,1.0800865800865802,7.402138364779873,22,False,5
Fred VanVleet,Houston,Rockets,Reed Sheppard,27.090402116402117,8.75,1.4761904761904763,0.8809523809523809,15.983259259259261,6,False,1
Fred VanVleet,Houston,Rockets,Aaron Holiday,17.400465116279072,8.023255813953488,1.697674418604651,0.806201550387597,6.873333333333335,6,False,2
Fred VanVleet,Houston,Rockets,Jeff Green,16.80700317124736,4.647286821705426,1.5271317829457365,1.5503875968992247,9.082196969696973,6,False,3
Fred VanVleet,Houston,Rockets,Jae'Sean Tate,2.8187254901960785,0.5117647058823529,0.2921568627450981,0.8490196078431371,1.1657843137254904,6,False,4
Fred VanVleet,Houston,Rockets,Jabari Smith Jr.,0.9669205753596071,-2.1219512195121943,-0.24146341463414633,0.6414634146341465,2.688871794871801,5,False,5
Giannis Antetokounmpo,Milwaukee,Bucks,Chris Livingston,22.20507792207792,1.9220779220779218,0.23116883116883116,1.1688311688311688,18.883,7,False,1
Giannis Antetokounmpo,Milwaukee,Bucks,Bobby Portis,19.284066666666668,5.0892857142857135,2.489285714285714,3.2214285714285715,8.484066666666667,10,False,2
Giannis Antetokounmpo,Milwaukee,Bucks,Tyler Smith,19.156122222222223,2.7152777777777777,0.3125,0.7152777777777778,15.413066666666667,9,False,3
Giannis Antetokounmpo,Milwaukee,Bucks,Damian Lillard,18.509024590163943,11.422950819672128,2.226229508196722,1.4393442622950818,3.420500000000011,5,False,4
Giannis Antetokounmpo,Milwaukee,Bucks,Pat Connaughton,13.522097402597401,3.785714285714286,0.4285714285714285,1.2428571428571429,8.064954545454544,10,False,5
Herbert Jones,New Orleans,Pelicans,Keion Brooks Jr.,28.84072398190045,7.588235294117647,0.7058823529411765,2.823529411764706,17.72307692307692,17,False,1
Herbert Jones,New Orleans,Pelicans,Karlo Matkovic,17.265487326637974,3.414634146341464,0.6814921090387374,2.028694404591105,11.140666666666668,41,False,2
Herbert Jones,New Orleans,Pelicans,Antonio Reeves,17.23507246376812,4.248695652173913,0.2921739130434783,1.0208695652173914,11.67333333333334,46,False,3
Herbert Jones,New Orleans,Pelicans,Elfrid Payton,14.279117647058829,1.3888888888888893,2.5555555555555554,-0.44444444444444464,10.779117647058829,18,False,4
Herbert Jones,New Orleans,Pelicans,Jeremiah Robinson-Earl,14.153816959444807,3.4307091737150293,0.4144437215354586,1.8919973975276512,8.416666666666668,53,False,5
Jalen Brunson,New York,Knicks,Delon Wright,17.67779761904762,2.6857142857142855,1.3285714285714285,1.1714285714285715,12.492083333333335,14,False,1
Jalen Brunson,New York,Knicks,Landry Shamet,17.050882352941176,5.103174603174605,-0.12698412698412703,1.2380952380952381,10.836596638655461,14,False,2
Jalen Brunson,New York,Knicks,Miles McBride,16.355702157038365,2.890804597701149,2.422988505747127,0.4494252873563216,10.592483766233766,10,False,3
Jalen Brunson,New York,Knicks,Tyler Kolek,8.876770826770827,0.8444444444444446,2.4333333333333336,0.5239316239316238,5.075061425061424,13,False,4
Jalen Brunson,New York,Knicks,Cameron Payne,8.191443322109992,2.3409090909090917,0.8181818181818179,0.23863636363636376,4.793716049382718,11,False,5
Jalen Johnson,Atlanta,Hawks,Vit Krejci,12.627015098722417,4.805714285714286,1.1752380952380954,1.2904761904761908,5.355586527293845,21,False,1
Jalen Johnson,Atlanta,Hawks,Caris LeVert,9.364471026049976,7.081339712918661,0.11483253588516762,0.7129186602870816,1.4553801169590663,19,False,2
Jalen Johnson,Atlanta,Hawks,Onyeka Okongwu,8.875550217341583,2.2505147563486627,1.265614275909403,1.9347975291695265,3.42462365591399,31,False,3
Jalen Johnson,Atlanta,Hawks,Mouhamed Gueye,8.096610644257703,2.582857142857143,0.33999999999999997,1.6528571428571426,3.5208963585434176,25,False,4
Jalen Johnson,Atlanta,Hawks,Georges Niang,3.4945454545454555,-0.698564593301434,0.2296650717703348,1.2918660287081343,2.6715789473684204,19,False,5
Jalen Williams,Oklahoma City,Thunder,Branden Carlson,30.826584415584417,8.96969696969697,1.0075757575757576,3.2954545454545454,17.553857142857144,6,False,1
Jalen Williams,Oklahoma City,Thunder,Isaiah Joe,20.158735094692545,8.417257683215132,1.0567375886524824,1.2210401891252958,9.463699633699633,9,False,2
Jalen Williams,Oklahoma City,Thunder,Dillon Jones,19.31607888316617,3.4970588235294118,1.1691176470588234,2.885294117647059,11.764608294930875,8,False,3
Jalen Williams,Oklahoma City,Thunder,Kenrich Williams,18.127366938616937,4.243686868686869,0.8888888888888888,2.1073232323232323,10.887467948717948,9,False,4
Jalen Williams,Oklahoma City,Thunder,Jaylin Williams,16.927899159663866,5.189542483660132,2.1372549019607843,3.0996732026143787,6.501428571428573,9,False,5
Jamal Murray,Denver,Nuggets,Jalen Pickett,21.461555402417666,4.369298245614035,2.837719298245614,2.0342105263157895,12.220327332242226,15,False,1
Jamal Murray,Denver,Nuggets,Hunter Tyson,10.599803058387398,2.674698795180723,0.3710843373493976,1.2722891566265062,6.28173076923077,15,False,2
Jamal Murray,Denver,Nuggets,Nikola Jokic,9.742994987468682,8.411255411255414,0.7251082251082241,0.5660173160173159,0.040614035087727984,12,False,3
Jamal Murray,Denver,Nuggets,Spencer Jones,9.519553644553643,0.8304668304668306,0.21867321867321865,0.9287469287469287,7.541666666666665,11,False,4
Jamal Murray,Denver,Nuggets,Vlatko Cancar,7.687322775263953,1.1314102564102564,0.3173076923076923,0.6794871794871795,5.559117647058825,8,False,5
Jaren Jackson Jr.,Memphis,Grizzlies,Marvin Bagley III,24.608981481481482,5.092592592592593,0.46296296296296297,2.4259259259259256,16.6275,6,False,1
Jaren Jackson Jr.,Memphis,Grizzlies,Lamar Stevens,19.230666666666664,7.006666666666666,0.88,2.2466666666666666,9.09733333333333,6,False,2
Jaren Jackson Jr.,Memphis,Grizzlies,Cam Spencer,16.5970653907496,5.12280701754386,0.6491228070175438,0.17543859649122806,10.649696969696969,6,False,3
Jaren Jackson Jr.,Memphis,Grizzlies,Vince Williams Jr.,15.702056644880173,4.647058823529412,1.2176470588235295,2.6176470588235294,7.219703703703702,5,False,4
Jaren Jackson Jr.,Memphis,Grizzlies,Jay Huff,10.932024636243389,3.564814814814815,0.4182098765432099,1.5817901234567902,5.367209821428574,8,False,5
Jaylen Brown,Boston,Celtics,Baylor Scheierman,14.255889423076923,4.138461538461539,0.7153846153846155,1.569230769230769,7.832812499999999,10,False,1
Jaylen Brown,Boston,Celtics,Payton Pritchard,11.664517348588486,6.904862579281183,0.5158562367864694,0.4534883720930232,3.7903101604278113,11,False,2
Jaylen Brown,Boston,Celtics,Sam Hauser,9.038431057584688,3.3659378596087466,-0.21173762945914842,0.46260069044879204,5.421630136986298,11,False,3
Jaylen Brown,Boston,Celtics,Torrey Craig,6.884464285714285,2.03125,0.75,1.1294642857142856,2.973749999999999,7,False,4
Jaylen Brown,Boston,Celtics,Luke Kornet,6.410574660633481,2.2941176470588234,0.49411764705882355,1.2176470588235295,2.4046923076923044,10,False,5
Jayson Tatum,Boston,Celtics,Payton Pritchard,16.390962148962146,5.540293040293042,1.3919413919413923,1.4945054945054945,7.964222222222219,6,False,1
Jayson Tatum,Boston,Celtics,Baylor Scheierman,12.009420289855072,5.27536231884058,0.20289855072463764,0.6811594202898551,5.85,6,False,2
Jayson Tatum,Boston,Celtics,Sam Hauser,6.300757575757572,1.7857142857142847,-0.5238095238095237,1.035714285714286,4.003138528138525,6,False,3
Jayson Tatum,Boston,Celtics,Al Horford,5.4656701856570775,3.3756097560975613,1.3658536585365855,-0.024390243902439046,0.7485970149253696,5,False,4
Jayson Tatum,Boston,Celtics,Jaylen Brown,5.397948253131172,-1.2951219512195138,3.292682926829268,0.36829268292682915,3.0320945945945894,5,False,5
Jimmy Butler,Golden State,Warriors,Trayce Jackson-Davis,25.12295638861304,5.430622009569378,1.7779106858054226,4.580940988835725,13.333482704402517,57,False,1
Jimmy Butler,Golden State,Warriors,Jonathan Kuminga,10.878722480864827,4.932758620689654,0.4077586206896553,1.9853448275862067,3.55286041189931,40,False,2
Jimmy Butler,Golden State,Warriors,Kevon Looney,7.773912655971477,1.4967532467532472,0.8636363636363636,1.5146103896103895,3.8989126559714773,56,False,3
Jimmy Butler,Golden State,Warriors,Jackson Rowe,6.192500000000002,0.1499999999999999,0.3,1.0,4.7425000000000015,8,False,4
Jimmy Butler,Golden State,Warriors,Pat Spencer,3.3605177387914225,0.3337320574162681,0.5825358851674642,0.41267942583732065,2.0315703703703694,38,False,5
Joel Embiid,Philadelphia,76ers,Chuma Okeke,34.91666666666667,7.166666666666667,1.75,5.5,20.5,6,False,1
Joel Embiid,Philadelphia,76ers,Lonnie Walker IV,31.111303258145362,11.761904761904763,2.380952380952381,1.9047619047619047,15.063684210526317,21,False,2
Joel Embiid,Philadelphia,76ers,Adem Bona,19.10425437062937,4.7615384615384615,0.3006993006993007,3.4083916083916086,10.633624999999997,55,False,3
Joel Embiid,Philadelphia,76ers,Jared Butler,14.597788461538457,2.092307692307692,2.9230769230769234,0.7461538461538462,8.836249999999996,26,False,4
Joel Embiid,Philadelphia,76ers,Ricky Council IV,13.743811093175498,3.813559322033898,0.3934624697336562,1.7391041162227603,7.797685185185184,59,False,5
Josh Hart,New York,Knicks,Precious Achiuwa,32.239483933787724,8.678481012658228,0.9164556962025318,5.625316455696202,17.019230769230766,5,False,1
Josh Hart,New York,Knicks,Miles McBride,21.071076086956527,7.056521739130434,2.9239130434782608,2.217391304347826,8.873250000000006,5,False,2
Josh Hart,New York,Knicks,Cameron Payne,11.730176645225141,3.1489361702127656,2.5659574468085107,0.16595744680851054,5.8493255813953535,5,False,3
Josh Hart,New York,Knicks,Pacome Dadiet,4.695869218500798,1.487878787878788,-0.07575757575757576,0.6818181818181819,2.601929824561404,5,False,4
Josh Hart,New York,Knicks,Tyler Kolek,0.16177905944986637,-0.2755102040816326,-0.0775510204081632,0.22244897959183674,0.29239130434782545,5,False,5
Jrue Holiday,Boston,Celtics,Baylor Scheierman,13.355602240896356,2.007936507936508,0.4206349206349207,0.5476190476190477,10.37941176470588,12,False,1
Jrue Holiday,Boston,Celtics,Al Horford,12.94761075949367,5.265822784810126,0.5917721518987342,1.3512658227848098,5.73875,8,False,2
Jrue Holiday,Boston,Celtics,Jayson Tatum,10.202134404283797,5.817938420348057,0.8099062918340021,2.6613119143239627,0.9129777777777761,9,False,3
Jrue Holiday,Boston,Celtics,Luke Kornet,9.109251215387866,2.234939759036145,1.0210843373493976,0.2168674698795181,5.636359649122806,12,False,4
Jrue Holiday,Boston,Celtics,Torrey Craig,7.444571428571425,1.5888888888888886,-0.06666666666666671,0.9777777777777779,4.944571428571425,9,False,5
Julius Randle,Minnesota,Timberwolves,Naz Reid,22.784803141415715,7.047745358090184,1.3651635720601236,4.392572944297083,9.979321266968324,13,False,1
Julius Randle,Minnesota,Timberwolves,Terrence Shannon Jr.,21.46242951414782,6.794149512459371,1.3542795232936078,2.304442036836403,11.00955844155844,13,False,2
Julius Randle,Minnesota,Timberwolves,Jaden McDaniels,17.975451009664496,7.057044079515988,1.170267934312878,3.216076058772688,6.532062937062943,13,False,3
Julius Randle,Minnesota,Timberwolves,Jaylen Clark,16.721424380704043,4.664928292046936,0.3533246414602347,0.7249022164276402,10.978269230769232,13,False,4
Julius Randle,Minnesota,Timberwolves,Nickeil Alexander-Walker,15.00229020979021,3.4477095937770095,0.4606741573033708,1.014693171996543,10.079213286713287,13,False,5
Kawhi Leonard,Los Angeles,Clippers,Bogdan Bogdanovic,18.38133004926108,7.96551724137931,0.2512315270935961,0.6748768472906406,9.489704433497536,7,False,1
Kawhi Leonard,Los Angeles,Clippers,Ben Simmons,15.033055555555556,3.1999999999999997,1.4,2.05,8.383055555555558,5,False,2
Kawhi Leonard,Los Angeles,Clippers,Terance Mann,11.512857142857147,2.991071428571429,1.0,0.8214285714285716,6.700357142857147,28,False,3
Kawhi Leonard,Los Angeles,Clippers,Norman Powell,11.407712418300648,7.7972136222910216,0.6191950464396285,0.524767801857585,2.466535947712412,34,False,4
Kawhi Leonard,Los Angeles,Clippers,Mo Bamba,7.895937888198757,2.3478260869565215,0.3509316770186335,2.6894409937888204,2.507739130434782,23,False,5
Keegan Murray,Sacramento,Kings,Trey Lyles,25.542329670329682,6.128571428571429,0.7428571428571429,3.1142857142857148,15.556615384615395,5,False,1
Keegan Murray,Sacramento,Kings,Keon Ellis,17.645442073170727,3.2764227642276413,0.3455284552845528,1.9186991869918697,12.104791666666664,6,False,2
Keegan Murray,Sacramento,Kings,Doug McDermott,8.184197368421053,2.3771929824561404,0.08771929824561403,0.3640350877192982,5.35525,6,False,3
Keegan Murray,Sacramento,Kings,Domantas Sabonis,6.011190476190483,1.4095238095238116,0.3619047619047615,-0.1999999999999993,4.439761904761909,6,False,4
Keegan Murray,Sacramento,Kings,DeMar DeRozan,4.443398268398265,3.6471861471861473,-0.556277056277056,0.054112554112554445,1.298376623376619,6,False,5
Kelly Oubre Jr.,Philadelphia,76ers,Adem Bona,19.486515426497284,7.597368421052632,0.25789473684210523,3.452631578947369,8.178620689655176,5,False,1
Kelly Oubre Jr.,Philadelphia,76ers,Ricky Council IV,10.346535248914138,1.9243902439024394,0.853658536585366,2.0756097560975606,5.492876712328773,5,False,2
Kelly Oubre Jr.,Philadelphia,76ers,Justin Edwards,-16.064999999999998,-4.533333333333333,-0.7499999999999999,-1.5166666666666666,-9.264999999999999,5,False,3
Kevin Durant,Phoenix,Suns,Josh Okogie,16.34265134099617,6.006896551724139,0.45517241379310347,2.924137931034483,6.956444444444445,10,False,1
Kevin Durant,Phoenix,Suns,Collin Gillespie,14.239023996773545,4.447368421052632,0.5578947368421052,1.3736842105263156,7.860076628352493,10,False,2
Kevin Durant,Phoenix,Suns,Oso Ighodaro,10.00317180766229,2.813636363636364,0.5515151515151514,1.8060606060606061,4.831959686450169,20,False,3
Kevin Durant,Phoenix,Suns,Grayson Allen,9.878998868778286,5.209276018099548,1.170814479638009,0.6798642533936654,2.8190441176470635,17,False,4
Kevin Durant,Phoenix,Suns,Ryan Dunn,7.935085388994307,2.0271493212669682,-0.004524886877828149,1.165610859728507,4.74685009487666,17,False,5
Keyonte George,Utah,Jazz,Collin Sexton,10.959865047233471,3.469230769230771,2.876923076923077,1.1923076923076925,3.421403508771931,10,False,1
Keyonte George,Utah,Jazz,Jordan Clarkson,8.97453996983409,4.423076923076922,1.333333333333333,0.7820512820512819,2.436078431372554,6,False,2
Keyonte George,Utah,Jazz,Svi Mykhailiuk,7.606155272919985,4.683783783783785,0.8621621621621621,0.20540540540540553,1.8548039215686316,10,False,3
Keyonte George,Utah,Jazz,Cody Williams,4.812047101449273,0.6399999999999997,-0.25111111111111106,0.8177777777777777,3.6053804347826066,9,False,4
Keyonte George,Utah,Jazz,Isaiah Collier,2.244626517273578,0.047058823529412486,-0.4382352941176464,1.4058823529411768,1.229920634920635,10,False,5
Kyle Kuzma,Milwaukee,Bucks,Andre Jackson Jr.,15.674467248712526,2.5818459969403365,1.0071392146863845,2.485976542580316,9.59950549450549,53,False,1
Kyle Kuzma,Milwaukee,Bucks,Pat Connaughton,4.105852187028658,-0.7250712250712255,0.264957264957265,0.5883190883190883,3.97764705882353,54,False,2
Kyle Kuzma,Milwaukee,Bucks,Damian Lillard,4.038553140096617,1.8543478260869577,1.1369565217391306,-0.25869565217391344,1.3059444444444424,46,False,3
Kyle Kuzma,Milwaukee,Bucks,Tyler Smith,3.453173645320198,1.316502463054187,0.13793103448275862,1.2339901477832513,0.7647500000000012,29,False,4
Kyle Kuzma,Milwaukee,Bucks,Bobby Portis,3.0616726527768856,3.950727883538635,0.6629339305711086,1.9339305711086228,-3.485919732441481,47,False,5
Kyrie Irving,Dallas,Mavericks,Brandon Williams,22.282841249543296,8.366459627329192,2.227329192546584,1.7304347826086959,9.958617647058821,23,False,1
Kyrie Irving,Dallas,Mavericks,Kessler Edwards,19.656562251877645,6.135084427767355,0.39399624765478414,1.75422138836773,11.373260188087775,13,False,2
Kyrie Irving,Dallas,Mavericks,Quentin Grimes,16.35637915742793,6.372505543237249,1.9955654101995564,1.002217294900222,6.986090909090905,11,False,3
Kyrie Irving,Dallas,Mavericks,Spencer Dinwiddie,15.094765318313708,4.2788018433179715,2.4308755760368665,1.2079493087557602,7.177138590203111,31,False,4
Kyrie Irving,Dallas,Mavericks,Naji Marshall,14.20835856265415,3.819220430107528,1.247311827956989,1.098790322580645,8.043035982008988,31,False,5
LaMelo Ball,Charlotte,Hornets,Vasilije Micic,29.640347222222225,9.027777777777779,4.083333333333333,1.9027777777777777,14.626458333333334,16,False,1
LaMelo Ball,Charlotte,Hornets,KJ Simpson,19.594962422634843,6.359416445623341,2.7480106100795756,1.8381962864721486,8.649339080459775,29,False,2
LaMelo Ball,Charlotte,Hornets,Brandon Miller,13.805683516483516,8.170329670329668,-0.5659340659340657,1.3406593406593403,4.860628571428574,7,False,3
LaMelo Ball,Charlotte,Hornets,Wendell Moore Jr.,13.559444444444447,4.055555555555555,0.4722222222222223,3.3472222222222223,5.684444444444447,9,False,4
LaMelo Ball,Charlotte,Hornets,Isaiah Wong,12.31764346764347,3.1597222222222223,0.7083333333333334,0.4375,8.012087912087914,16,False,5
Lauri Markkanen,Utah,Jazz,Kyle Filipowski,17.951657589572562,6.2122448979591836,0.5136054421768705,3.5251700680272116,7.700637181409299,30,False,1
Lauri Markkanen,Utah,Jazz,Micah Potter,17.81356983144135,4.113003095975232,0.7291021671826625,3.9845201238390096,8.986944444444443,19,False,2
Lauri Markkanen,Utah,Jazz,Oscar Tshiebwe,17.093809523809526,4.19047619047619,0.3333333333333333,4.833333333333334,7.736666666666668,21,False,3
Lauri Markkanen,Utah,Jazz,Isaiah Collier,14.81607857142856,4.732857142857142,1.732857142857143,0.8757142857142854,7.47464999999999,28,False,4
Lauri Markkanen,Utah,Jazz,Drew Eubanks,13.506666666666664,4.824999999999999,0.4750000000000001,2.925,5.281666666666666,10,False,5
LeBron James,Los Angeles,Lakers,Jordan Goodwin,25.289633333333338,5.641666666666667,1.6083333333333334,2.908333333333333,15.131300000000005,8,False,1
LeBron James,Los Angeles,Lakers,Markieff Morris,20.976666666666667,3.892857142857143,1.4821428571428572,1.875,13.726666666666667,8,False,2
LeBron James,Los Angeles,Lakers,Dalton Knecht,19.946361539795383,6.962025316455696,0.42784810126582273,2.358227848101266,10.198260273972597,10,False,3
LeBron James,Los Angeles,Lakers,Austin Reaves,18.1310472972973,9.341216216216218,3.489864864864865,2.216216216216216,3.083750000000002,8,False,4
LeBron James,Los Angeles,Lakers,Bronny James,17.409655172413792,3.333333333333333,1.6091954022988504,0.9885057471264367,11.478620689655173,6,False,5
Luka Doncic,Dallas,Mavericks,Kessler Edwards,22.66019607843137,4.421052631578948,1.0164473684210527,2.9375,14.28519607843137,38,False,1
Luka Doncic,Dallas,Mavericks,Spencer Dinwiddie,21.84892234131988,6.970365699873897,3.131778058007566,1.7364438839848675,10.010334699453551,61,False,2
Luka Doncic,Dallas,Mavericks,Brandon Williams,17.27269435215947,5.489922480620155,1.6666666666666667,0.9255813953488371,9.19052380952381,43,False,3
Luka Doncic,Dallas,Mavericks,Quentin Grimes,14.281,5.538461538461538,1.153846153846154,0.6923076923076925,6.896384615384616,26,False,4
Luka Doncic,Dallas,Mavericks,Naji Marshall,14.237696588213833,4.980295566502463,0.5369458128078821,1.3858784893267648,7.334576719576724,58,False,5
Malik Monk,Sacramento,Kings,Kevin Huerter,16.795390109890107,2.3301282051282053,0.9647435897435896,1.7435897435897436,11.75692857142857,8,False,1
Malik Monk,Sacramento,Kings,De'Aaron Fox,15.842488385598132,11.916666666666668,1.1785714285714288,0.3452380952380949,2.402012195121941,8,False,2
Malik Monk,Sacramento,Kings,Jonas Valanciunas,12.681527777777779,3.791666666666667,1.6388888888888888,1.0555555555555554,6.195416666666668,9,False,3
Malik Monk,Sacramento,Kings,Jordan McLaughlin,12.575831949058692,3.8895348837209305,1.0901162790697674,1.377906976744186,6.218273809523807,8,False,4
Malik Monk,Sacramento,Kings,Jake LaRavia,12.197428571428569,2.9142857142857137,0.1142857142857141,1.2999999999999998,7.868857142857141,5,False,5
Michael Porter Jr.,Denver,Nuggets,Jalen Pickett,29.150413943355122,6.868627450980393,3.7862745098039214,3.13921568627451,15.356296296296296,6,False,1
Michael Porter Jr.,Denver,Nuggets,Zeke Nnaji,20.35974816072439,4.896491228070175,0.9456140350877194,2.3754385964912283,12.142204301075267,6,False,2
Michael Porter Jr.,Denver,Nuggets,Christian Braun,14.097013498055361,3.8808510638297857,1.774468085106383,2.440425531914893,6.0012688172042985,5,False,3
Michael Porter Jr.,Denver,Nuggets,DeAndre Jordan,12.853622807017546,2.073684210526316,0.8736842105263157,4.56842105263158,5.337833333333334,5,False,4
Michael Porter Jr.,Denver,Nuggets,Hunter Tyson,12.840472990777338,3.6557971014492754,0.2282608695652174,2.1775362318840576,6.778878787878787,6,False,5
Miles Bridges,Charlotte,Hornets,LaMelo Ball,25.690060908084156,16.112956810631225,0.6677740863787376,2.2724252491694354,6.636904761904759,7,False,1
Miles Bridges,Charlotte,Hornets,Brandon Miller,20.95068825910931,9.515384615384615,0.3884615384615384,2.5769230769230766,8.46991902834008,13,False,2
Miles Bridges,Charlotte,Hornets,Grant Williams,15.04417948717949,4.423076923076923,0.0032051282051281937,1.810897435897436,8.807000000000002,8,False,3
Miles Bridges,Charlotte,Hornets,Moussa Diabate,11.390597567424638,-2.5898617511520734,0.22580645161290325,3.700460829493087,10.05419203747072,14,False,4
Miles Bridges,Charlotte,Hornets,Nick Richards,10.380000000000003,1.9363636363636374,0.3999999999999999,1.536363636363637,6.507272727272728,5,False,5
Nikola Jokic,Denver,Nuggets,DeAndre Jordan,21.95703823953823,2.958333333333333,0.8674242424242424,4.477272727272727,13.65400793650793,12,False,1
Nikola Jokic,Denver,Nuggets,Dario Saric,19.963049450549445,3.7142857142857144,1.9880952380952381,2.9404761904761907,11.320192307692302,12,False,2
Nikola Jokic,Denver,Nuggets,Spencer Jones,19.20734335839599,2.238095238095238,0.26190476190476186,1.0952380952380951,15.612105263157892,6,False,3
Nikola Jokic,Denver,Nuggets,Julian Strawther,11.780630399839264,4.4159132007233275,0.9367088607594938,1.1898734177215189,5.2381349206349235,7,False,4
Nikola Jokic,Denver,Nuggets,Peyton Watson,11.64041161616162,5.364848484848485,-0.2642424242424243,0.9333333333333331,5.6064722222222265,11,False,5
Nikola Vucevic,Chicago,Bulls,Zach Collins,29.46316017316018,8.36904761904762,1.5595238095238095,6.416666666666667,13.117922077922081,7,False,1
Nikola Vucevic,Chicago,Bulls,Josh Giddey,18.034014084507042,6.408450704225352,3.185446009389672,1.908450704225352,6.531666666666666,6,False,2
Nikola Vucevic,Chicago,Bulls,Matas Buzelis,17.250290542790545,4.096153846153847,1.9038461538461537,1.8301282051282053,9.42016233766234,8,False,3
Nikola Vucevic,Chicago,Bulls,Jalen Smith,13.602289307369032,1.8923679060665357,0.7221135029354208,3.663405088062622,7.324402810304454,7,False,4
Nikola Vucevic,Chicago,Bulls,Jevon Carter,13.070090090090094,-0.16396103896103886,0.4074675324675325,0.006493506493506496,12.820090090090094,8,False,5
Norman Powell,Los Angeles,Clippers,Kevin Porter Jr.,13.491450216450211,4.305194805194805,0.5259740259740262,2.0519480519480524,6.608333333333327,7,False,1
Norman Powell,Los Angeles,Clippers,Bogdan Bogdanovic,12.409999999999995,4.866220735785953,0.5919732441471575,0.7993311036789295,6.1524749163879555,13,False,2
Norman Powell,Los Angeles,Clippers,MarJon Beauchamp,11.436666666666667,0.8,-0.1333333333333333,0.6,10.17,5,False,3
Norman Powell,Los Angeles,Clippers,Ben Simmons,11.02746955624355,2.3157894736842106,2.0438596491228074,0.7105263157894739,5.957294117647059,6,False,4
Norman Powell,Los Angeles,Clippers,Kawhi Leonard,7.486474028207769,2.125730994152047,0.4707602339181287,0.5584795321637426,4.331503267973851,9,False,5
OG Anunoby,New York,Knicks,Precious Achiuwa,30.499012658227855,7.827848101265823,1.129113924050633,3.924050632911392,17.618000000000006,5,False,1
OG Anunoby,New York,Knicks,Cameron Payne,10.318755566551218,5.044680851063831,1.302127659574468,-0.04468085106382991,4.016627906976748,5,False,2
OG Anunoby,New York,Knicks,Miles McBride,9.325195652173914,1.784782608695652,1.2369565217391303,-0.31304347826086953,6.616500000000002,5,False,3
OG Anunoby,New York,Knicks,Tyler Kolek,6.681515414676508,-0.2755102040816326,-0.0775510204081632,0.22244897959183674,6.812127659574467,5,False,4
OG Anunoby,New York,Knicks,Landry Shamet,6.628970856102006,4.480555555555556,0.07222222222222219,-0.41388888888888886,2.4900819672131167,5,False,5
P.J. Washington,Dallas,Mavericks,Luka Doncic,13.088958333333338,4.800000000000001,2.0166666666666657,1.466666666666666,4.805625000000006,6,False,1
P.J. Washington,Dallas,Mavericks,Dwight Powell,6.712903947903946,0.90989010989011,0.34285714285714275,1.3692307692307693,4.090925925925925,7,False,2
P.J. Washington,Dallas,Mavericks,Daniel Gafford,6.443148148148147,1.7621527777777786,0.3993055555555556,0.8663194444444446,3.4153703703703684,9,False,3
P.J. Washington,Dallas,Mavericks,Klay Thompson,5.106586924532266,2.3126760563380273,-0.14366197183098595,0.7591549295774649,2.1784179104477595,10,False,4
P.J. Washington,Dallas,Mavericks,Naji Marshall,3.3648851727982145,2.8304347826086946,0.08840579710144914,-0.45072463768115956,0.8967692307692303,10,False,5
Paolo Banchero,Orlando,Magic,ga Bitadze,24.65795156534287,6.066425120772946,1.434782608695652,4.0978260869565215,13.058917748917752,36,False,1
Paolo Banchero,Orlando,Magic,Tristan da Silva,19.5392216371703,5.266771488469601,1.029874213836478,2.2410901467505244,11.001485788113696,36,False,2
Paolo Banchero,Orlando,Magic,Jalen Suggs,16.51673371647509,8.145833333333334,1.4708333333333332,1.2374999999999998,5.662567049808423,30,False,3
Paolo Banchero,Orlando,Magic,Moritz Wagner,14.48325,6.54,0.72,2.14,5.08325,25,False,4
Paolo Banchero,Orlando,Magic,Trevelin Queen,12.841280566280563,4.001801801801801,1.100900900900901,0.5207207207207206,7.217857142857142,15,False,5
Paul George,Philadelphia,76ers,Chuma Okeke,38.5,8.799999999999999,2.1999999999999997,7.0,20.5,5,False,1
Paul George,Philadelphia,76ers,Lonnie Walker IV,22.523333333333337,9.482142857142858,1.8928571428571428,0.8571428571428572,10.29119047619048,16,False,2
Paul George,Philadelphia,76ers,Jared Butler,20.334295454545455,6.327272727272727,2.813636363636364,0.9136363636363634,10.27975,20,False,3
Paul George,Philadelphia,76ers,Adem Bona,15.925035573122528,4.653416149068324,0.32546583850931676,2.7863354037267083,8.15981818181818,35,False,4
Paul George,Philadelphia,76ers,Ricky Council IV,14.030528743028746,3.9178378378378387,0.6005405405405406,1.8897297297297297,7.622420634920637,37,False,5
Quentin Grimes,Philadelphia,76ers,Tyrese Maxey,21.29506684412895,16.256802721088434,3.2993197278911564,1.8120748299319727,-0.0731304347826125,49,False,1
Quentin Grimes,Philadelphia,76ers,Jared McCain,19.214285714285715,14.321428571428571,2.3214285714285716,2.5714285714285716,,28,False,2
Quentin Grimes,Philadelphia,76ers,Kyle Lowry,8.456471744471743,2.063063063063063,0.7072072072072071,0.6711711711711712,5.0150303030303025,37,False,3
Quentin Grimes,Philadelphia,76ers,Kelly Oubre Jr.,7.218825113858168,5.1431359791802205,1.0650618087182824,3.1340273259596616,-2.1233999999999966,53,False,4
Quentin Grimes,Philadelphia,76ers,Eric Gordon,7.074411764705882,4.299019607843137,-0.8627450980392157,-0.6568627450980392,4.295,51,False,5
RJ Barrett,Toronto,Raptors,Ja'Kobe Walter,9.0384940872136,4.390151515151515,0.10037878787878785,0.01893939393939359,4.5290243902439045,11,False,1
RJ Barrett,Toronto,Raptors,D.J. Carton,7.6310714285714285,1.2285714285714284,0.8857142857142858,2.1142857142857143,3.4025,5,False,2
RJ Barrett,Toronto,Raptors,Bruno Fernando,7.375492063492064,1.8666666666666665,-0.15555555555555556,2.2333333333333334,3.43104761904762,9,False,3
RJ Barrett,Toronto,Raptors,Immanuel Quickley,5.138777056277053,1.2532467532467528,3.7770562770562774,0.7380952380952381,-0.629621212121215,14,False,4
RJ Barrett,Toronto,Raptors,Jamal Shead,4.998166666666669,2.84375,1.1124999999999998,-0.15625,1.198166666666669,20,False,5
Rudy Gobert,Minnesota,Timberwolves,Terrence Shannon Jr.,22.640915915915915,8.186486486486485,0.8540540540540541,2.5864864864864865,11.01388888888889,10,False,1
Rudy Gobert,Minnesota,Timberwolves,Naz Reid,21.901878787878793,5.300000000000001,1.422222222222222,4.51111111111111,10.668545454545459,10,False,2
Rudy Gobert,Minnesota,Timberwolves,Jaden McDaniels,18.46113807931199,7.756521739130436,1.5499999999999998,2.573913043478261,6.580703296703295,10,False,3
Rudy Gobert,Minnesota,Timberwolves,Nickeil Alexander-Walker,12.936615862398467,4.358695652173912,0.0021739130434781373,0.37608695652173907,8.199659340659338,10,False,4
Rudy Gobert,Minnesota,Timberwolves,Jaylen Clark,8.192913978494621,1.6967741935483867,0.46129032258064523,0.06451612903225812,5.970333333333331,10,False,5
Rui Hachimura,Los Angeles,Lakers,Markieff Morris,21.183929765886283,1.819397993311037,0.8260869565217391,1.0334448160535117,17.504999999999995,13,False,1
Rui Hachimura,Los Angeles,Lakers,Jordan Goodwin,19.929313186813182,4.621794871794871,1.4294871794871797,2.564102564102564,11.31392857142857,12,False,2
Rui Hachimura,Los Angeles,Lakers,Dalton Knecht,18.259545347744357,7.924060150375939,0.22857142857142854,1.3030075187969925,8.803906249999997,19,False,3
Rui Hachimura,Los Angeles,Lakers,Bronny James,14.564086591352693,1.4888507718696398,0.7547169811320755,0.4596912521440824,11.860827586206895,11,False,4
Rui Hachimura,Los Angeles,Lakers,Jaxson Hayes,12.802920852732164,3.2380952380952372,0.3214285714285714,1.7619047619047619,7.481492281303595,12,False,5
Scottie Barnes,Toronto,Raptors,Gradey Dick,13.924102330293822,7.458966565349545,1.2887537993920974,0.19604863221884505,4.980333333333334,14,False,1
Scottie Barnes,Toronto,Raptors,Ochai Agbaji,12.089294346978557,4.059649122807016,0.8315789473684212,0.3894736842105262,6.808592592592593,15,False,2
Scottie Barnes,Toronto,Raptors,Davion Mitchell,11.10636263736264,3.3278388278388276,2.133699633699634,1.1758241758241759,4.469000000000001,14,False,3
Scottie Barnes,Toronto,Raptors,Jakob Poeltl,11.055292806484292,5.024999999999999,0.2738095238095237,2.76547619047619,2.991007092198579,15,False,4
Scottie Barnes,Toronto,Raptors,RJ Barrett,9.740967365967357,4.757692307692306,2.4269230769230763,1.1692307692307695,1.3871212121212046,15,False,5
Shai Gilgeous-Alexander,Oklahoma City,Thunder,Dillon Jones,35.15481116584565,7.959770114942529,1.632183908045977,4.333333333333334,21.22952380952381,6,False,1
Shai Gilgeous-Alexander,Oklahoma City,Thunder,Kenrich Williams,32.180234031132585,9.776086956521738,1.6,4.147826086956522,16.656320987654325,5,False,2
Shai Gilgeous-Alexander,Oklahoma City,Thunder,Jaylin Williams,29.93064218455744,7.491666666666665,5.3694444444444445,5.541666666666666,11.52786440677966,5,False,3
Shai Gilgeous-Alexander,Oklahoma City,Thunder,Aaron Wiggins,29.671065292096223,14.473333333333333,2.6,1.67,10.927731958762891,6,False,4
Shai Gilgeous-Alexander,Oklahoma City,Thunder,Branden Carlson,28.810190476190478,9.066666666666666,1.0222222222222221,3.4444444444444446,15.276857142857143,5,False,5
Stephen Curry,Golden State,Warriors,Lindy Waters III,15.525106177606183,2.291666666666667,1.375,1.0208333333333333,10.837606177606183,8,False,1
Stephen Curry,Golden State,Warriors,Jonathan Kuminga,14.429372486854321,9.047131147540984,0.7028688524590163,1.028688524590164,3.650683962264157,8,False,2
Stephen Curry,Golden State,Warriors,Brandin Podziemski,14.292424593128393,2.640144665461122,1.8987341772151898,1.7956600361663657,7.957885714285716,7,False,3
Stephen Curry,Golden State,Warriors,Kyle Anderson,10.658375512995896,3.552325581395349,1.0290697674418605,1.369186046511628,4.707794117647058,8,False,4
Stephen Curry,Golden State,Warriors,Buddy Hield,9.488526570048307,4.596618357487923,0.2693236714975844,0.7801932367149758,3.8423913043478244,9,False,5
Tobias Harris,Detroit,Pistons,Ausar Thompson,14.427358757062152,4.223958333333334,1.4583333333333335,2.255208333333333,6.4898587570621515,6,False,1
Tobias Harris,Detroit,Pistons,Marcus Sasser,8.611766334440755,4.058139534883721,0.430232558139535,0.5531561461794021,3.5702380952380963,7,False,2
Tobias Harris,Detroit,Pistons,Tim Hardaway Jr.,7.055185185185195,2.404761904761905,0.4285714285714286,0.5833333333333335,3.638518518518527,7,False,3
Tobias Harris,Detroit,Pistons,Ronald Holland II,3.5585991140642306,1.1079734219269106,0.11960132890365438,0.12126245847176076,2.209761904761905,7,False,4
Tobias Harris,Detroit,Pistons,Isaiah Stewart,3.1757738095238084,1.4142857142857146,0.09642857142857131,0.06964285714285712,1.5954166666666652,7,False,5
Trae Young,Atlanta,Hawks,Keaton Wallace,38.84907407407408,10.344444444444445,5.977777777777778,3.5222222222222226,19.004629629629633,6,False,1
Trae Young,Atlanta,Hawks,Vit Krejci,12.682191632928475,-0.07435897435897498,2.256410256410256,0.9666666666666663,9.533473684210527,6,False,2
Trae Young,Atlanta,Hawks,David Roddy,9.41075039246468,1.6040816326530614,0.5673469387755101,3.612244897959184,3.627076923076924,5,False,3
Trae Young,Atlanta,Hawks,Garrison Mathews,9.161024130190794,2.1234567901234565,1.3580246913580247,0.345679012345679,5.333863636363635,6,False,4
Trae Young,Atlanta,Hawks,Dominick Barlow,6.24313725490196,0.5357142857142856,0.029761904761904767,-0.14880952380952395,5.826470588235294,6,False,5
Trey Murphy III,New Orleans,Pelicans,Keion Brooks Jr.,35.504747474747475,9.972222222222221,0.8055555555555556,3.4166666666666665,21.31030303030303,12,False,1
Trey Murphy III,New Orleans,Pelicans,Jordan Hawkins,12.707332421340634,4.990588235294117,0.37411764705882355,1.6858823529411766,5.656744186046517,17,False,2
Trey Murphy III,New Orleans,Pelicans,Antonio Reeves,12.219618867037067,4.206521739130435,0.15217391304347827,0.5960144927536232,7.264908722109531,23,False,3
Trey Murphy III,New Orleans,Pelicans,Lester Quinones,10.444444444444445,6.666666666666667,2.2222222222222223,1.5555555555555556,,9,False,4
Trey Murphy III,New Orleans,Pelicans,Brandon Ingram,10.086777777777787,6.966666666666667,0.4333333333333327,2.4166666666666665,0.2701111111111203,10,False,5
Tyrese Haliburton,Indiana,Pacers,Johnny Furphy,30.19221178050008,2.9485148514851485,0.8514851485148515,2.8059405940594058,23.586271186440676,5,False,1
Tyrese Haliburton,Indiana,Pacers,Tony Bradley,11.50540280857354,3.258536585365853,0.22926829268292684,2.053658536585366,5.963939393939395,5,False,2
Tyrese Haliburton,Indiana,Pacers,Quenton Jackson,10.205510204081635,2.2326530612244895,0.9795918367346939,1.5632653061224488,5.430000000000003,5,False,3
Tyrese Haliburton,Indiana,Pacers,Aaron Nesmith,7.7112269203664505,3.883720930232558,0.5162790697674418,0.804651162790698,2.506575757575753,5,False,4
Tyrese Haliburton,Indiana,Pacers,James Johnson,0.1950904977375567,-0.14423076923076922,-0.057692307692307696,0.1423076923076923,0.25470588235294134,5,False,5
Tyrese Maxey,Philadelphia,76ers,Jared McCain,26.4532298136646,14.297101449275363,2.217391304347826,-0.18840579710144922,10.12714285714286,6,False,1
Tyrese Maxey,Philadelphia,76ers,Lonnie Walker IV,24.44916666666667,9.216666666666667,2.033333333333333,1.7416666666666667,11.457500000000003,8,False,2
Tyrese Maxey,Philadelphia,76ers,Marcus Bagley,18.25,6.166666666666666,0.41666666666666674,3.75,7.916666666666668,6,False,3
Tyrese Maxey,Philadelphia,76ers,Adem Bona,11.739908249958999,4.593816631130064,0.17164179104477612,2.2238805970149254,4.7505692307692335,14,False,4
Tyrese Maxey,Philadelphia,76ers,Caleb Martin,10.681945812807886,4.419047619047619,0.45238095238095233,1.1,4.710517241379314,6,False,5
Victor Wembanyama,San Antonio,Spurs,Zach Collins,17.71111607142857,7.496428571428571,-0.039285714285714146,1.9500000000000002,8.303973214285714,7,False,1
Victor Wembanyama,San Antonio,Spurs,Sandro Mamukelashvili,14.182544642857144,5.151428571428571,0.8028571428571427,2.2485714285714287,5.979687500000001,35,False,2
Victor Wembanyama,San Antonio,Spurs,Bismack Biyombo,13.759999999999998,4.777777777777778,-0.03703703703703709,2.925925925925926,6.093333333333332,27,False,3
Victor Wembanyama,San Antonio,Spurs,Charles Bassey,10.823296536796539,0.9409090909090909,0.4848484848484848,1.1681818181818184,8.229357142857145,15,False,4
Victor Wembanyama,San Antonio,Spurs,Stephon Castle,9.702489795918364,3.208163265306121,1.7591836734693875,1.8571428571428568,2.878,35,False,5
Zach LaVine,Chicago,Bulls,Matas Buzelis,21.424363143631435,6.855284552845528,0.9344173441734418,1.8612466124661249,11.773414634146341,41,False,1
Zach LaVine,Chicago,Bulls,Josh Giddey,12.397424242424236,6.223809523809521,0.9238095238095241,1.0000000000000009,4.249805194805191,35,False,2
Zach LaVine,Sacramento,Kings,Alex Len,9.90988888888889,1.462962962962963,0.6851851851851852,1.7407407407407407,6.021000000000001,54,False,3
Zach LaVine,Sacramento,Kings,Domantas Sabonis,9.62265882352942,4.274509803921568,1.1325490196078425,0.9003921568627451,3.315207843137266,51,False,4
Zach LaVine,Sacramento,Kings,Jae Crowder,8.573056835637482,0.5451612903225806,0.06236559139784946,0.4483870967741935,7.517142857142858,31,False,5
